ID User,Name
27300702,GlassyPizzaFingers
51182413,Katie
35043057,Renae
18885455,Becky
82952407,Thien Ha
18931036,Shannon Lee
65853099,Regina / cà rốt và thỏ
95499413,Ivy Nguyen
1918609,Thomas Andrikus
5258312,Anh
32952691,Bagus
28438187,Brandy Navetta
12034280,Viktoria
64888572,Elise Le
5208681,Magdelanye
18203243,Stuart
3093151,Lindsey Sparks
49876933,Mitu Bút Chì
36432305,Michael Haase
118367831,Nguyen Hoang
1847484,Michael
95419078,Nyssnisacha
3885089,Daniel Kukwa
120215749,Dung Đỗ
53045321,Quỳnh Phạm
34962964,Emma Fang
7021630,Trang Do
2171826,Tyler Jones
5717023,Jamie
6978259,Justin Echols
27418633,Thao Duong
62678605,Duy Nguyen
93694694,Lê Tùng
66913291,Hoàng Huyền
