ID Sach,Title,Link,Author,Rate,Description
10925109,Cho Tôi Xin Một Vé Đi Tuổi Thơ,https://www.goodreads.com/book/show/10925109-cho-t-i-xin-m-t-v-i-tu-i-th,Nguyễn Nhật Ánh,4.16,"Truyện Cho tôi xin một vé đi tuổi thơ là sáng tác mới nhất của nhà văn Nguyễn Nhật Ánh. Nhà văn mời người đọc lên chuyến tàu quay ngược trở lại thăm tuổi thơ và tình bạn dễ thương của 4 bạn nhỏ. Những trò chơi dễ thương thời bé, tính cách thật thà, thẳng thắn một cách thông minh và dại dột, những ước mơ tự do trong lòng… khiến cuốn sách có thể làm các bậc phụ huynh lo lắng"
11273677,Mắt Biếc,https://www.goodreads.com/book/show/11273677-m-t-bi-c,Nguyễn Nhật Ánh,4.04,"Một tác phẩm được nhiều người bình chọn là hay nhất của nhà văn này. Một tác phẩm đang được dịch và giới thiệu tại Nhật Bản (theo thông tin từ các báo)… Bởi sự trong sáng của một tình cảm, bởi cái kết thúc rất, rất buồn khi suốt câu chuyện vẫn là những điều vui, buồn lẫn lộn (cái kết thúc không như mong đợi của mọi người). Cũng bởi, mắt biếc… năm xưa nay đâu (theo lời một "
10433999,Tôi Thấy Hoa Vàng Trên Cỏ Xanh,https://www.goodreads.com/book/show/10433999-t-i-th-y-hoa-v-ng-tr-n-c-xanh,Nguyễn Nhật Ánh,4.02,"""Tôi thấy hoa vàng trên cỏ xanh"" truyện dài mới nhất của nhà văn vừa nhận giải văn chương ASEAN Nguyễn Nhật Ánh. Cuốn sách viết về tuổi thơ nghèo khó ở một làng quê, bên cạnh đề tài tình yêu quen thuộc, lần đầu tiên Nguyễn Nhật Ánh đưa vào tác phẩm của mình những nhân vật phản diện và đặt ra vấn đề đạo đức như sự vô tâm, cái ác.  81 chương ngắn là 81 câu chuyện nhỏ của nhữ"
10428411,Cô Gái Đến Từ Hôm Qua,https://www.goodreads.com/book/show/10428411-c-g-i-n-t-h-m-qua,Nguyễn Nhật Ánh,4.1,"Nếu ngày xưa còn bé, Thư luôn tự hào mình là cậu con trai thông minh có quyền bắt nạt và sai khiến các cô bé cùng lứa tuổi thì giờ đây khi lớn lên, anh luôn khổ sở khi thấy mình ngu ngơ và bị con gái “xỏ mũi”. Trong khi ngày bé anh luôn có thể khiến Tiểu Li, con bé hàng xóm ngốc nghếch, hứng chịu những trò nghịch ngợm của mình thì Việt An, cô bạn học thông minh lại đang kh"
10925246,Tôi Là Bêtô,https://www.goodreads.com/book/show/10925246-t-i-l-b-t,Nguyễn Nhật Ánh,4.15,"Tôi Là Bêtô là tác phẩm mới nhất của nhà văn chuyên viết cho thanh thiếu niên của Nguyễn Nhật Ánh. Anh đã được đông đảo bạn đọc biết đến qua các tác phẩm quen thuộc như Thằng quỷ nhỏ, Trại hoa vàng, Bong bóng lên trời, Cô gái đến từ hôm qua... và hai bộ truyện nhiều tập Kính vạn hoa và Chuyện xứ Lang Biang. Với Tôi là Bêtô, đây là lần đầu tiên anh viết một tác phẩm qua lời"
14624837,Có Hai Con Mèo Ngồi Bên Cửa Sổ,https://www.goodreads.com/book/show/14624837-c-hai-con-m-o-ng-i-b-n-c-a-s,Nguyễn Nhật Ánh,3.82,"Nhân vật chính thứ nhất tên là Gấu.Nhân vật thứ hai là Tí Hon.Nhân vật thứ ba, tên là…; còn nữa, nhân vật thứ tư, tên là…Để biết tại sao Gấu lại chơi thân với Tí Hon, thì mời bạn hãy mở sách ra.Gấu và Tí Hon thân nhau đến mức có thể chia sẻ từng chuyện vui buồn trong những phút giây mềm yếu, lo lắng và chăm sóc, giúp nhau từ miếng ăn đến “chiến lược” để tồn tại lâu dài.Tìn"
10419181,Còn Chút Gì Để Nhớ,https://www.goodreads.com/book/show/10419181-c-n-ch-t-g-nh,Nguyễn Nhật Ánh,4.16,"Đó là những kỷ niệm thời đi học của Chương, lúc mới bước chân vào Sài Gòn và làm quen với cuộc sống đô thị. Là những mối quan hệ bạn bè tưởng chừng hời hợt thoảng qua nhưng gắn bó suốt cuộc đời. Cuộc sống đầy biến động đã xô dạt mỗi người mỗi nơi, nhưng trải qua hàng mấy chục năm, những kỷ niệm ấy vẫn luôn níu kéo Chương về với một thời để nhớ."
32068852,Ngày Xưa Có Một Chuyện Tình,https://www.goodreads.com/book/show/32068852-ng-y-x-a-c-m-t-chuy-n-t-nh,Nguyễn Nhật Ánh,4.14,"Đúng như tên gọi, đây là cuốn sách về tình yêu, được viết theo một phong cách hoàn toàn khác lạ với nhà văn Nguyễn Nhật Ánh từ trước đến nay.Ngày xưa có một chuyện tình là một câu chuyện cảm động khi người ta yêu nhau, nỗi khát khao một hạnh phúc êm đềm ấm áp đến thế; hay đơn giản chỉ là chuyện ba người - anh, em, và người ấy…?Khi mở sách ra, độc giả sẽ được chứng kiến làn"
18139866,Ngồi Khóc Trên Cây,https://www.goodreads.com/book/show/18139866-ng-i-kh-c-tr-n-c-y,Nguyễn Nhật Ánh,4.01,"Tên sách có làm bạn tò mò? “Ngồi khóc trên cây” có vẻ là một truyện hành động của nhà văn Nguyễn Nhật Ánh?Bạn sẽ gặp, sau những câu thơ lãng mạn của chính tác giả làm đề từ, là cuộc sống trong một ngôi làng thơ mộng ven sông, kỳ nghỉ hè với nhân vật là những đứa trẻ mới lớn có vô vàn trò chơi đơn sơ hấp dẫn ghi dấu mãi trong lòng.Câu chuyện của cô bé Rùa và chàng sinh viên"
12376409,Bàn Có Năm Chỗ Ngồi,https://www.goodreads.com/book/show/12376409-b-n-c-n-m-ch-ng-i,Nguyễn Nhật Ánh,3.93,"Những nhân vật rất dễ thương, hoặc phải vượt qua những hoàn cảnh khó khăn, hoặc sẵn lòng chia sẻ với bạn bè, người thân… Thậm chí cả những nhân vật tạm gọi là “phe xấu” với nhiều trò đùa nghịch… cũng mang dáng dấp hồn nhiên. Tất cả hướng về Chân - Thiện - Mỹ.Họ là năm người bạn với năm cá tính và hoàn cảnh khác nhau cùng chung trong một lớp học. Những trò nghịch ngợm trẻ c"
25072779,Bảy Bước Tới Mùa Hè,https://www.goodreads.com/book/show/25072779-b-y-b-c-t-i-m-a-h,Nguyễn Nhật Ánh,3.91,"Câu chuyện về một mùa hè ngọt ngào, những trò chơi nghịch ngợm và bâng khuâng tình cảm tuổi mới lớn. Chỉ vậy thôi nhưng chứng tỏ tác giả đúng là nhà kể chuyện hóm hỉnh, khiến đọc cuốn hút từ tựa đến trang cuối cùng, có lẽ chính vì giọng văn giản dị và trong trẻo của Nguyễn Nhật Ánh, và kết thúc thì có hậu đầy thuyết phục. Câu chuyện cho tuổi học trò, đọc xong là thấy ngập "
12079188,Quán Gò Đi Lên,https://www.goodreads.com/book/show/12079188-qu-n-g-i-l-n,Nguyễn Nhật Ánh,4.0,"Chuyện diễn ra ở quán Đo Đo, quán ăn do tác giả sáng lập để nhớ quê nhà, nơi có chợ Đo Đo – chỗ Quán Gò đi lên ấy. Bởi thế, trong câu truyện tràn ngập những nỗi nhớ, nhớ món ăn, nhớ giọng nói, nhớ thói quen, nhớ kỉ niệm… Dẫu là câu chuyện ngập tràn nỗi nhớ, vẫn nghe trong đó những tiếng cười rất vui."
9047825,Đi Qua Hoa Cúc,https://www.goodreads.com/book/show/9047825-i-qua-hoa-c-c,Nguyễn Nhật Ánh,3.83,"Cuốn Đi Qua Hoa Cúc là tập truyện dài của Nguyễn Nhật Ánh, mở đầu câu truyện tác giả kể lại tuổi ấu thơ hồn nhiên của nhân vật trong truyện, kết hợp với tả cảnh ở miền quê, những ngôi nhà nằm dọc hai bên đường đá sỏi dọc theo hai bên hàng dâm bụt và cả cây sứ cây bàng tỏa bóng mát, tỏa hương thơm trước sân nhà. Một nét vẽ nên thơ thật đầm ấm ở một vùng quê xa xôi tác giả d"
10925338,Đảo Mộng Mơ,https://www.goodreads.com/book/show/10925338-o-m-ng-m,Nguyễn Nhật Ánh,3.82,"Đảo Mộng mơ là một lát cắt đời sống của những đứa trẻ lên 10 giàu trí tưởng tượng như tất cả mọi đứa trẻ. Chúng mơ mộng, tưởng tượng, và tự làm ""hiện thực hóa"" những khao khát của mình.Câu chuyện bắt đầu từ một đống cát, và được diễn ra theo nhân vật tôi - cu Tin. Có một hòn đảo hoang, trên đảo có Chúa đảo, phu nhân Chúa đảo, và một chàng Thứ... Bảy. Hàng ngày vợ chồng Chú"
17826150,Kính vạn hoa,https://www.goodreads.com/book/show/17826150-k-nh-v-n-hoa,Nguyễn Nhật Ánh,4.55,"Kính vạn hoa là một bộ truyện dài nhiều tập của nhà văn Nguyễn Nhật Ánh. Bộ truyện gồm 54 tập truyện mang tính hài hước kể về những chuyện vui buồn trong giới học trò, những trò nghịch ngợm, những trò chơi thú vị, những bài học cuộc sống sâu sắc và đầy ý nghĩa. Những nhân vật chính là Quý ròm, nhỏ Hạnh, Tiểu Long cùng các nhân vật khác. Mỗi tập là một câu chuyện khác nhau "
36989101,Cây Chuối Non Đi Giày Xanh,https://www.goodreads.com/book/show/36989101-c-y-chu-i-non-i-gi-y-xanh,Nguyễn Nhật Ánh,4.13,"Truyện dài Cây Chuối Non Đi Giày Xanh của nhà văn Nguyễn Nhật Ánh vẫn như bao cuốn sách khác của tác giả, đầy ắp con chữ mang đến niềm vui, niềm hy vọng và hạnh phúc. Để dành tặng cho các bạn trẻ, và những ai từng qua tuổi ấu thơ. Cuốn truyện lần này kể về kỷ niệm, bởi ""kỷ niệm bao giờ cũng đẹp và đặc biệt là không biết phản bội."" Những kỷ niệm ấy có thể là nỗi sợ trẻ con "
28961874,Con Chó Nhỏ Mang Giỏ Hoa Hồng,https://www.goodreads.com/book/show/28961874-con-ch-nh-mang-gi-hoa-h-ng,Nguyễn Nhật Ánh,3.89,"Con Chó Nhỏ Mang Giỏ Hoa Hồng là tác phẩm mới nhất của nhà văn chuyên viết cho thanh thiếu niên Nguyễn Nhật Ánh, nối tiếp sau Bảy bước tới mùa hè, Tôi thấy hoa vàng trên cỏ xanh… gây sóng gió thị trường sách năm 2015. 5 chương sách với 86 câu chuyện cực kỳ thú vị và hài hước về 5 con chó 5 loài 5 tính cách trong 1 gia đình có 3 người đều yêu chúng nhưng theo từng cách riên"
12966230,Trại Hoa Vàng,https://www.goodreads.com/book/show/12966230-tr-i-hoa-v-ng,Nguyễn Nhật Ánh,3.86,"Hẳn bạn đọc ở lứa tuổi học trò đã từng quen thuộc với tác giả Nguyễn Nhật Anh với những truyện ngắn và truyện dài đậm chất học trò như: Trại hoa vàng, Chú bé rắc rối, Phòng trọ ba người, Bồ câu không đưa thư, Những chàng trai xấu tính, Cô gái đến từ hôm qua, Trước vòng chung kết, Hạ đỏ, Hoa hồng xứ khác, Buổi chiều Windows, Ut Quyên và tôi... Với lối viết dung dị và cách c"
12948705,Bồ câu không đưa thư,https://www.goodreads.com/book/show/12948705-b-c-u-kh-ng-a-th,Nguyễn Nhật Ánh,3.78,"Câu chuyện bắt đầu từ lá thư làm quen để trong học bàn của Thục, trong bộ ba Xuyến, Thục, Cúc Hương. Lá thư chân tình đã thu hút sự tò mò của bộ ba, và họ bị cuốn hút vào trò chơi với người giấu mặt, dần hồi kéo theo Phán củi, anh chàng xấu xí vụng về của lớp làm quân sư và giúp xướng họa thơ. Cuộc truy tìm dẫn mọi người đến nhiều hiểu lầm tai hại và cả những bất ngờ thú v"
12800840,Lá nằm trong lá,https://www.goodreads.com/book/show/12800840-l-n-m-trong-l,Nguyễn Nhật Ánh,3.72,"Mở cuốn sách mới của tác giả Nguyễn Nhật Ánh, bạn sẽ gặp những cái tên quen thuộc của những người nổi tiếng ngay trang 5 trang trọng đề tặng “các bạn văn hữu”: nhà thơ Bùi Chí Vinh, Phạm Sỹ Sáu, Lê Minh Quốc, nhà văn Nguyễn Đông Thức, nhà phê bình Huỳnh Như Phương, nhà báo Nguyễn Công Khế, Kim Hạnh, … Tuổi niên thiếu của “những thằng quỷ nhỏ” trong truyện có gắn gì với họ "
12456458,Hạ đỏ,https://www.goodreads.com/book/show/12456458-h,Nguyễn Nhật Ánh,3.78,"Kể về mối tình đầu trong sáng của một cậu học trò dành cho một cô gái quê 16 tuổi trong dịp về quê nghỉ hè, và những việc làm cao đẹp của cậu cho em bé quê chân chất chịu nhiều thiệt thòi ở nông thôn. Chuyện nhiều hình ảnh, dễ thương và trong sáng… vẫn không thiếu những “pha” thú vị cho ta những tiếng cười sảng khoái."
42448945,Cảm Ơn Người Lớn,https://www.goodreads.com/book/show/42448945-c-m-n-ng-i-l-n,Nguyễn Nhật Ánh,4.09,"Cảm ơn người lớn - một áng văn lãng mạn trong giọng hài hước đặc biệt “dành cho trẻ em, và những ai từng là trẻ em”..Bạn sẽ gặp lại Mùi, Tủn, Tí sún, Hải cò… của Cho tôi xin một vé đi tuổi thơ, cùng chơi những trò chơi quen thuộc, và được đắm mình vào những ước mơ điên rồ, ngốc nghếch nhưng trong veo của tuổi mới lớn hồn nhiên và đầy ắp dự định.Và cả khi họ đã trưởng thành"
11246025,Thằng Quỷ Nhỏ,https://www.goodreads.com/book/show/11246025-th-ng-qu-nh,Nguyễn Nhật Ánh,3.72,"Truyện dài đặc sắc nhất của Nguyễn Nhật Ánh. Tập truyện được sinh viên học sinh rất đỗi say mê. Bởi sự dí dỏm, bởi tình người, bởi những hình ảnh rất học sinh, rất áo trắng. Hãy làm quen với Thằng quỷ nhỏ vẩy tai lừa có cái tên con gái là Quỳnh… cùng những người bạn dễ thương khác như Hạnh, Nga…"
11358944,Hoa Hồng Xứ Khác,https://www.goodreads.com/book/show/11358944-hoa-h-ng-x-kh-c,Nguyễn Nhật Ánh,3.63,"""Tôi mặc chiếc quần vía của Bá, dây nịt của Hòa, xỏ đôi giày mới mua của Ngữ. Thằng Nghị thì đưa cho tôi mượn chiếc đồng hồ Seiko và chiếc Honda của nó. Nói tóm lại, ngày tôi đến với mối tình đầu, chỉ có chiếc áo sơ mi là của chính tôi, nếu không kể trái tim đang đánh lô tô trong ngực. Vậy đó, tôi đi.""(Trích Hoa Hồng Xứ Khác)"
8154806,Bong bóng lên trời,https://www.goodreads.com/book/show/8154806-bong-b-ng-l-n-tr-i,Nguyễn Nhật Ánh,3.71,"Vì hoàn cảnh, Thường phải giúp mẹ bằng nghề bán kẹo kéo ngoài giờ học và làm quen với cuộc sống trên đường phố. Ở đó cậu đánh bạn với những người nghèo và hiểu thêm nhiều điều không có trong sách và nhà trường. Cô bé bán bong bóng Tài Khôn hồn nhiên và nhiều ước mơ cũng thường giúp đỡ Thường thoát khỏi mặc cảm nhà nghèo và sống tự tin."
12403695,Phòng Trọ Ba Người,https://www.goodreads.com/book/show/12403695-ph-ng-tr-ba-ng-i,Nguyễn Nhật Ánh,3.65,"Phòng trọ ba người là nơi dành cho ba chàng sinh viên Chuyên, Nhiệm, và Mẫn trú ngụ, là nơi họ chia sẻ việc học hành, những trò nghịch ngợm và chia sẻ cả những buồn vui trong đời sống tình cảm. Mẫn, chàng trai nhút nhát vốn quan niệm tình yêu là thứ “ xa xỉ phẩm”, đến lúc phải dựng lên vở kịch tình yêu với sự trợ sức của Thu Thảo, cô học trò tinh nghịch của anh. Trò chơi t"
13503902,Buổi Chiều Windows,https://www.goodreads.com/book/show/13503902-bu-i-chi-u-windows,Nguyễn Nhật Ánh,3.59,"Truyện lấy khung cảnh phòng thu máy vi tính của một công ty trách nhiệm hữu hạn, nơi bộ ba nữ sinh vui nhộn và nghịch ngợm Xuyến, Thục, Cúc Hương bạo gan xin đến làm nhân viên vi tính( tạm thời trong thời gian hè) trong khi chưa biết tí gì về tin học. Truyện mô tả mối tình mộng mơ của tuổi mới lớn. Tất nhiên, nhưng mối tình đơn phương vẩn vơ sẽ vỡ tan vì không có cơ sở thự"
12514965,Ngôi Trường Mọi Khi,https://www.goodreads.com/book/show/12514965-ng-i-tr-ng-m-i-khi,Nguyễn Nhật Ánh,3.97,"Những câu chuyện về nhóm bạn học sinh năm đầu cấp 3 với bao kỷ niệm vui buồn hờn giận, bao nhiêu trò tinh nghịch của tuổi mới lớn. Với những Hạt tiêu, Tóc ngắn, Hột mít, Bảnh trai, Răng chuột, Mặt mụn… đã tạo nên không khí của một lớp học thật dễ thương với bao nhiêu tình cảm yêu thương, cảm động và gần gũi. Đây là sách mới nhất của tác giả viết về tuổi áo trắng mộng mơ và"
21052201,Chúc Một Ngày Tốt Lành,https://www.goodreads.com/book/show/21052201-ch-c-m-t-ng-y-t-t-l-nh,Nguyễn Nhật Ánh,3.59,"Đọc tựa cuốn sách mới nhất của nhà văn Nguyễn Nhật Ánh là muốn mở ngay trang sách. Bạn sẽ thấy một thứ ngôn ngữ lạ của Hàn Quốc hay của nước nào tùy bạn đoán, Gô un un là Chào buổi sáng; Un gô gô là Chúc ngủ ngon, và nữa, Chiếp un un; Ăng gô gô; Chiếp chiếp gô…Sau chó Bê Tô, rồi Hai con mèo ngồi bên cửa sổ, nhà văn viết về một cặp heoNhân vật chính là hai con heo con, Lọ N"
13503897,Nữ Sinh,https://www.goodreads.com/book/show/13503897-n-sinh,Nguyễn Nhật Ánh,3.67,"Một sự bất ngờ, Gia được cử về làm giáo viên chủ nhiệm lớp Xuyến, Thục, Cúc Hương. Ba cô hoảng hồn vì thời gian qua đã “hành hạ” Gia bằng đủ trò nghịch ngợm của mình. Hùng quăn không dám đến lớp vì đã có lần đón đường ném đá Gia gây thương tích. Không chịu nổi người dượng ghẻ. Hùng bỏ nhà ra đi. Với tấm lòng cao thượng. Gia đón Hùng về nhà ở chung với mình. Cuối cùng ba cô"
12212554,Chuyện Cổ Tích Dành Cho Người Lớn,https://www.goodreads.com/book/show/12212554-chuy-n-c-t-ch-d-nh-cho-ng-i-l-n,Nguyễn Nhật Ánh,3.61,"Hẳn bạn đọc ở lứa tuổi học trò đã từng quen thuộc với tác giả Nguyễn Nhật Anh với những truyện ngắn và truyện dài đậm chất học trò như: Trại hoa vàng, Chú bé rắc rối, Phòng trọ ba người, Bồ câu không đưa thư, Những chàng trai xấu tính, Cô gái đến từ hôm qua, Trước vòng chung kết, Hạ đỏ, Hoa hồng xứ khác, Buổi chiều Windows, Ut Quyên và tôi... Với lối viết dung dị và cách c"
8154805,Những Chàng Trai Xấu Tính,https://www.goodreads.com/book/show/8154805-nh-ng-ch-ng-trai-x-u-t-nh,Nguyễn Nhật Ánh,3.57,"Từ những lần gặp gỡ thường xuyên ở hồ bơi, có một cuộc chiến tranh tưởng bùng nổ giữa hai chàng trai vốn là “chiến hữu”. Tất cả chỉ là vì một cô gái có hành tung khó hiểu và tính nết thay đổi liên tục. Sự hiểu lầm ấy may thay không kéo dài lâu quá, bởi vì sau cùng hai chàng trai xấu tính ấy hiểu ra, họ đang yêu hai chị em sinh đôi."
50847731,Làm Bạn Với Bầu Trời,https://www.goodreads.com/book/show/50847731-l-m-b-n-v-i-b-u-tr-i,Nguyễn Nhật Ánh,4.21,"Một câu chuyện giản dị, chứa đầy bất ngờ cho tới trang cuối cùng. Và đẹp lộng lẫy, vì lòng vị tha và tình yêu thương, khiến mắt rưng rưng vì một nỗi mừng vui hân hoan. Cuốn sách như một đốm lửa thắp lên lòng khát khao sống tốt trên đời.Viết về điều tốt đã không dễ, viết sao cho người đọc có thể đón nhận đầy cảm xúc tích cực, và muốn được hưởng, được làm những điều tốt dù n"
13103979,Những Cô Em Gái,https://www.goodreads.com/book/show/13103979-nh-ng-c-em-g-i,Nguyễn Nhật Ánh,3.6,"Khoa từ quê ra thành phố học, tấp tểnh làm thơ được đăng báo và bắt đầu nổi tiếng trong giới học sinh. Nhờ thế, Khoa được các bạn trai trong lớp hâm mộ, nhờ làm thơ tặng em gái mình, thực tế là dùng thơ ấy tặng bạn gái hoặc người yêu. Run rủi thế nào, những bài thơ ấy được truyền tay qua một con đường vòng nào đó lại đến tay Quyên, cô gái mà Khoa thầm yêu trộm nhớ và những"
18514396,Thiên thần nhỏ của tôi,https://www.goodreads.com/book/show/18514396-thi-n-th-n-nh-c-a-t-i,Nguyễn Nhật Ánh,3.83,"Khi dọn về ngôi nhà mới, Kha có một cô bạn nghèo sống trong ngõ hẻm gần đó. Khu vườn và ngôi biệt thự mà cha mẹ Kha được cấp không ngờ là nơi quen thuộc của Hồng Hoa, cứ như cô ấy đã gắn bó với nó từ lâu rồi. Vì thế, dù bị chủ nhà mới ngăn cấm, cô vẫn lén lút tìm vào khu vườn, để rồi gặp phải tai nạn... Và…"
20934561,Út Quyên Và Tôi,https://www.goodreads.com/book/show/20934561-t-quy-n-v-t-i,Nguyễn Nhật Ánh,3.57,"Tập truyện ngắn với 12 câu chuyện là 12 niềm vui, 12 kỉ niệm dễ thương, 12 bài học giản dị mà sâu sắc… Gặp trong tập truyện này những hình ảnh rất dễ thương, những lời thoại rất học trò…"
22057050,Chú Bé Rắc Rối,https://www.goodreads.com/book/show/22057050-ch-b-r-c-r-i,Nguyễn Nhật Ánh,3.63,"Không biết các bạn như thế nào, chứ tôi thì tôi chưa từng lo cho ai bao giờ. Tôi lo cho chính tôi còn chưa xong nữa là. (mới mở đầu truyện thì nhân vật chính đã tâm sự như vậy rồi, nghe thấy RẮC RỐI). Thực sự thì làm sao, vẫn là giọng văn “đọc tức cười”, cách thắt nút, mở nút đầy bất ngờ của tác giả dẫn ta đi hết rắc rối này đến rắc rối khác. Đọc rắc rối nhưng mà thấy thú "
15938564,Người Quảng đi ăn mì Quảng,https://www.goodreads.com/book/show/15938564-ng-i-qu-ng-i-n-m-qu-ng,Nguyễn Nhật Ánh,3.77,"Tạp văn của Nguyễn Nhật Ánh không chỉ luận bàn về mì Quảng. Anh nói đủ mọi thứ trên trời dưới bể. Từ món ăn đến thư pháp, từ sân khấu đến điện ảnh, từ chuyện ở nhà đến chuyện cơ quan, từ chuyện siêu thị đến chuyện phố xá, từ chuyện Sài Gòn đến chuyện miền Tây... Anh luận bàn đủ thứ: từ lớn đến nhỏ, từ đồ giả đến cuộc náo loạn Hollywood, từ quạt Cophaco đến quạt Ba Tiêu... "
12296843,Pho Tượng Của Baltalon,https://www.goodreads.com/book/show/12296843-pho-t-ng-c-a-baltalon,Nguyễn Nhật Ánh,4.03,Phần 1: Pho tượng của Batalon (5 quyển)Phần 2: Biến cố ở trường Đămri (7 quyển)Phần 3: Chủ nhân núi Lưng Chừng (8 quyển)Phần 4: Báu vật ở lâu đài K’Rahlan (8 quyển)
15938588,Sương khói quê nhà,https://www.goodreads.com/book/show/15938588-s-ng-kh-i-qu-nh,Nguyễn Nhật Ánh,3.7,"Có thể đặt tên nôm na 3 phần theo số thứ tự trong cuốn Tạp văn mới của Nguyễn Nhật Ánh “Sương khói quê nhà”: Tình quê, Người thân, và Những chuyến đi.34 bài báo, viết từ 2010 đến nay, về các đề tài khác nhau. Những nhớ thương miền quê nghèo Quảng Nam qua kỷ niệm thời thơ bé; tình đời , tình người; tình thâm với bạn văn và những người mà anh yêu quý. Là những suy ngẫm của a"
13633451,Kính Vạn Hoa 1,https://www.goodreads.com/book/show/13633451-k-nh-v-n-hoa-1,Nguyễn Nhật Ánh,4.37,"Kính Vạn Hoa ra mắt lần này có gì mới? Cũng như ống kính vạn hoa mà mỗi lần lắc lại hoá ra một bông hoa khác nhau, những tập truyện trong Kính Vạn Hoa qua bàn tay nhà ảo thuật Nguyễn Nhật Ánh cũng có một dáng vẻ tươi mới như thế sau mỗi lần xuất hiện.Mỗi tập bao gồm 6 câu chuyện được minh họa bởi Nhóm Cỏ ba lá. Những minh họa này được lựa chọn từ rất nhiều những minh họa v"
13624795,Biến Cố Trường Đămri,https://www.goodreads.com/book/show/13624795-bi-n-c-tr-ng-mri,Nguyễn Nhật Ánh,4.14,"Buriam, sứ giả thứ tư của trùm Bastu, bị phát hiện chính là vị giáo sư khả ái Hailixiro và sau đó đã bị bắt. Suốt một thời gian dài hắn đã bắt cóc con trai của cô Kemli Trinh, giáo viên trường Đămri, rồi dùng thuật Quỷ mộng để sai khiến cô làm việc cho hắn. Thầy N'Trang Long, hiệu trưởng, phải nhờ cặp ma nhoc song sinh Pôcô - Pôca mới bắt được Buriam. Nhưng đứa con của cô "
13624800,Chủ Nhân Núi Lưng Chừng,https://www.goodreads.com/book/show/13624800-ch-nh-n-n-i-l-ng-ch-ng,Nguyễn Nhật Ánh,4.23,"Sau khi ăn quả táo vàng ở núi Lưng Chừng, Nguyên và Kăply đã chính thức trở thành ""Chiến binh giữ đền"" (CBGD) - trình độ pháp thuật ngang ngửa với các siêu phù thủy hạng nhất ở xứ Lang Biang. Cùng lúc đó, nhiều bí mật được vén màn: trùm Bastu lâu nay chính là Ka Ming, còn sứ giả Badd là do Thủ lĩnh phe Ánh Sáng K'Rahlan giả trang. Và giáo sư nhóc tì Akô Nô chính là phân nử"
23289058,Thương nhớ Trà Long,https://www.goodreads.com/book/show/23289058-th-ng-nh-tr-long,Nguyễn Nhật Ánh,3.87,"Thương nhớ Trà Long vẫn mang những chân tình, lãng mạn y như phong cách thường thấy của Nguyễn Nhật Ánh. Câu chuyện đầy ắp tình yêu với mưa, với lá, với ngôi nhà cũ, cuốn sách xưa, cùng nỗi nhớ quê và những kỷ niệm thuở nhỏ... được thể hiện rõ nét trong từng con chữ. Vẫn là những khung cảnh quen thuộc của miền Trung thân thương, vẫn là những địa danh chẳng còn xa lạ như Tr"
13624802,Báu Vật Ở Lâu Đài K'Rahlan,https://www.goodreads.com/book/show/13624802-b-u-v-t-l-u-i-k-rahlan,Nguyễn Nhật Ánh,4.18,"Phần kết của series chuyện với rất nhiều nút thắt được mở ra. Trùm Bastu chính là Pô Palay Tàn phế, tên trùm Hắc Ám được cho rằng là đã chết cách đây 300 năm dưới tay của Đại tiên ông Mackeno (chính là thầy N'Trang Long), anh trai của hắn. Ông K'Tul, một nhân vật bí hiểm, cha của K'Tub, lại là tay sai của Bastu. Bastu đã luyện được thần chú ""Cực lạc tiêu diêu"", một loại th"
30760045,Trước vòng chung kết,https://www.goodreads.com/book/show/30760045-tr-c-v-ng-chung-k-t,Nguyễn Nhật Ánh,3.73,"Tràn ngập không khí bóng đá, không khí vỉa hè… đậm mùi hào hiệp, thượng võ. Lẽ dĩ nhiên như cuộc đời, có đâu đó những mưu toan nhỏ nhen, những trò chơi bẩn… không đáng mặt anh hào. Nhưng…. (chữ nhưng dành cho sự khám phá của các bạn)“Chưa tới ba giờ chiều, trời còn nắng chang chang, các cầu thủ của hai đội “Mũi tên vàng” và “Sư tử” đã tới ngồi chầu rìa cạnh sân bóng phường"
13633458,Kính Vạn Hoa 2,https://www.goodreads.com/book/show/13633458-k-nh-v-n-hoa-2,Nguyễn Nhật Ánh,4.27,"Kính Vạn Hoa ra mắt lần này có gì mới? Cũng như ống kính vạn hoa mà mỗi lần lắc lại hoá ra một bông hoa khác nhau, những tập truyện trong Kính Vạn Hoa qua bàn tay nhà ảo thuật Nguyễn Nhật Ánh cũng có một dáng vẻ tươi mới như thế sau mỗi lần xuất hiện.Mỗi tập bao gồm 6 câu chuyện được minh họa bởi Nhóm Cỏ ba lá. Những minh họa này được lựa chọn từ rất nhiều những minh họa v"
13105343,"Xin lỗi mày, Tai To!",https://www.goodreads.com/book/show/13105343-xin-l-i-m-y-tai-to,Nguyễn Nhật Ánh,3.82,Nhà nhỏ Hạnh vừa xin được một chú cún con. Tai cún con rất dài. Nhỏ Hạnh đặt tên là Tai To. Nhưng Tai To rất nghịch nên thằng Tùng em nhỏ Hạnh căm lắm. Nó tìm mọi cách để hành hạ Tai To. Những trò tai ác của thằng Tùng khiến nhỏ Hạnh vô cùng xót ruột. Nó tìm mọi cách để ngăn cản nhưng vô hiệu. Cho đến một hôm...
13633460,Kính Vạn Hoa 3,https://www.goodreads.com/book/show/13633460-k-nh-v-n-hoa-3,Nguyễn Nhật Ánh,4.37,"Kính Vạn Hoa ra mắt lần này có gì mới? Cũng như ống kính vạn hoa mà mỗi lần lắc lại hoá ra một bông hoa khác nhau, những tập truyện trong Kính Vạn Hoa qua bàn tay nhà ảo thuật Nguyễn Nhật Ánh cũng có một dáng vẻ tươi mới như thế sau mỗi lần xuất hiện.Mỗi tập bao gồm 6 câu chuyện được minh họa bởi Nhóm Cỏ ba lá. Những minh họa này được lựa chọn từ rất nhiều những minh họa v"
13633466,Kính Vạn Hoa 4,https://www.goodreads.com/book/show/13633466-k-nh-v-n-hoa-4,Nguyễn Nhật Ánh,4.44,"Kính Vạn Hoa ra mắt lần này có gì mới? Cũng như ống kính vạn hoa mà mỗi lần lắc lại hoá ra một bông hoa khác nhau, những tập truyện trong Kính Vạn Hoa qua bàn tay nhà ảo thuật Nguyễn Nhật Ánh cũng có một dáng vẻ tươi mới như thế sau mỗi lần xuất hiện.Mỗi tập bao gồm 6 câu chuyện được minh họa bởi Nhóm Cỏ ba lá. Những minh họa này được lựa chọn từ rất nhiều những minh họa v"
13633471,Kính Vạn Hoa 5,https://www.goodreads.com/book/show/13633471-k-nh-v-n-hoa-5,Nguyễn Nhật Ánh,4.38,"Kính Vạn Hoa ra mắt lần này có gì mới? Cũng như ống kính vạn hoa mà mỗi lần lắc lại hoá ra một bông hoa khác nhau, những tập truyện trong Kính Vạn Hoa qua bàn tay nhà ảo thuật Nguyễn Nhật Ánh cũng có một dáng vẻ tươi mới như thế sau mỗi lần xuất hiện.Mỗi tập bao gồm 6 câu chuyện được minh họa bởi Nhóm Cỏ ba lá. Những minh họa này được lựa chọn từ rất nhiều những minh họa v"
13633474,Kính Vạn Hoa 6,https://www.goodreads.com/book/show/13633474-k-nh-v-n-hoa-6,Nguyễn Nhật Ánh,4.32,"Kính Vạn Hoa ra mắt lần này có gì mới? Cũng như ống kính vạn hoa mà mỗi lần lắc lại hoá ra một bông hoa khác nhau, những tập truyện trong Kính Vạn Hoa qua bàn tay nhà ảo thuật Nguyễn Nhật Ánh cũng có một dáng vẻ tươi mới như thế sau mỗi lần xuất hiện.Mỗi tập bao gồm 6 câu chuyện được minh họa bởi Nhóm Cỏ ba lá. Những minh họa này được lựa chọn từ rất nhiều những minh họa v"
13633477,Kính Vạn Hoa 9,https://www.goodreads.com/book/show/13633477-k-nh-v-n-hoa-9,Nguyễn Nhật Ánh,4.31,"Kính Vạn Hoa ra mắt lần này có gì mới? Cũng như ống kính vạn hoa mà mỗi lần lắc lại hoá ra một bông hoa khác nhau, những tập truyện trong Kính Vạn Hoa qua bàn tay nhà ảo thuật Nguyễn Nhật Ánh cũng có một dáng vẻ tươi mới như thế sau mỗi lần xuất hiện.Mỗi tập bao gồm 6 câu chuyện được minh họa bởi Nhóm Cỏ ba lá. Những minh họa này được lựa chọn từ rất nhiều những minh họa v"
13633475,Kính Vạn Hoa 7,https://www.goodreads.com/book/show/13633475-k-nh-v-n-hoa-7,Nguyễn Nhật Ánh,4.35,"Kính Vạn Hoa ra mắt lần này có gì mới? Cũng như ống kính vạn hoa mà mỗi lần lắc lại hoá ra một bông hoa khác nhau, những tập truyện trong Kính Vạn Hoa qua bàn tay nhà ảo thuật Nguyễn Nhật Ánh cũng có một dáng vẻ tươi mới như thế sau mỗi lần xuất hiện.Mỗi tập bao gồm 6 câu chuyện được minh họa bởi Nhóm Cỏ ba lá. Những minh họa này được lựa chọn từ rất nhiều những minh họa v"
10233089,Nhà ảo thuật,https://www.goodreads.com/book/show/10233089-nh-o-thu-t,Nguyễn Nhật Ánh,3.95,"Quý ròm và Tiểu Long là một đôi bạn thân. Một hôm Quý ròm thấy bạn thân của mình buồn buồn. Theo gặng hỏi mãi, Quý ròm mới biết Tiểu Long đang cần tiền để mua con gấu bông cho em gái. Quý ròm lập tức nghĩ cách giúp bạn: Nó tổ chức biểu diễn ảo thuật có bán vé tại nhà. Buổi biểu diễn đang suôn sẻ thì tai họa thình lình ập đến..."
13633476,Kính Vạn Hoa 8,https://www.goodreads.com/book/show/13633476-k-nh-v-n-hoa-8,Nguyễn Nhật Ánh,4.38,"Kính Vạn Hoa ra mắt lần này có gì mới? Cũng như ống kính vạn hoa mà mỗi lần lắc lại hoá ra một bông hoa khác nhau, những tập truyện trong Kính Vạn Hoa qua bàn tay nhà ảo thuật Nguyễn Nhật Ánh cũng có một dáng vẻ tươi mới như thế sau mỗi lần xuất hiện.Mỗi tập bao gồm 6 câu chuyện được minh họa bởi Nhóm Cỏ ba lá. Những minh họa này được lựa chọn từ rất nhiều những minh họa v"
13626145,Ông thầy nóng tính,https://www.goodreads.com/book/show/13626145-ng-th-y-n-ng-t-nh,Nguyễn Nhật Ánh,4.1,"Trong lớp Quý ròm là một học sinh ""siêu toán"", thường được nhà trường cử đi tham gia các cuộc thi học sinh giỏi toán toàn thành. Trong khi đó Tiều Long lại sợ học toán đến nỗi cứ thấy môn toán là ""hết muốn sống"", Quý ròm không thể chấp nhận tình trạng đó. Nó đề nghị kèm Tiểu Long học. Nhưng Tiểu Long lại bất ngờ từ chối..."
13594885,Những con gấu bông,https://www.goodreads.com/book/show/13594885-nh-ng-con-g-u-b-ng,Nguyễn Nhật Ánh,4.13,
13146200,Bí mật kẻ trộm,https://www.goodreads.com/book/show/13146200-b-m-t-k-tr-m,Nguyễn Nhật Ánh,3.81,
13164992,Ba lô màu xanh,https://www.goodreads.com/book/show/13164992-ba-l-m-u-xanh,Nguyễn Nhật Ánh,3.69,
13626147,Người bạn lạ lùng,https://www.goodreads.com/book/show/13626147-ng-i-b-n-l-l-ng,Nguyễn Nhật Ánh,3.98,"Được tin anh mình làm cho một con búp bê biết bò, nhỏ Diệp đem ra trường khoe bạn. Nhưng ngay lần ""biểu diễn"" đầu tiên, con búp bê đã bị một thằng nhóc đi ngang đá tan tành. Nhỏ Diệp mếu máo kêu anh. Nhưng thằng nhóc kia làm Qúy ròm hoảng vía. May làm sao, Tiểu Long thình lình xuất hiện..."
13104267,Họa mi một mình,https://www.goodreads.com/book/show/13104267-h-a-mi-m-t-m-nh,Nguyễn Nhật Ánh,3.87,
11281443,Má lúm đồng tiền,https://www.goodreads.com/book/show/11281443-m-l-m-ng-ti-n,Nguyễn Nhật Ánh,3.61,"Vòng Ngọc Thạch Anh là một học sinh con nhà giàu nhưng lười học. Để kiếm thêm tiền chơi điện tử, Quới Lương đã nhận chép bài thuê cho Thạch Anh. Sự việc bị phát hiện, mọi người tỏ vẻ khinh bỉ Quới Lương khiến cậu ta tỏ ra rất buồn. Tuy nhiên, Thạch Anh đã nhận ra tai hại của việc chép bài thuê nên sau đó đã tự nhận chép bài đầy đủ. Và Thạch Anh vẫn luôn quý mến Quới Lương,"
13605240,Tóc ngắn tóc dài,https://www.goodreads.com/book/show/13605240-t-c-ng-n-t-c-d-i,Nguyễn Nhật Ánh,3.71,
23161937,Tướng quân,https://www.goodreads.com/book/show/23161937-t-ng-qu-n,Nguyễn Nhật Ánh,4.21,Quý ròm đóng vai Bao Công xử các vụ án trong lớp. Cuộc xử án đang hồi gay cấn thì cô giáo Trinh bước vào...
33971865,Bắt đền hoa sứ,https://www.goodreads.com/book/show/33971865-b-t-n-hoa-s,Nguyễn Nhật Ánh,4.28,"Quý ròm theo Tiểu Long về quê thăm ông. Trên đường vào làng, thấy một đứa bé đang bị một bọn vây đánh, Tiểu Long và Quý ròm liền ra tay can thiệp, vô tình ""gây thù chuốc oán"" với Tắc Kè Bông, thủ lĩnh bọn trẻ trong xóm. Bao nhiêu phiền phức từ đó sinh ra."
13582415,Cà phê áo tím,https://www.goodreads.com/book/show/13582415-c-ph-o-t-m,Nguyễn Nhật Ánh,3.62,
33978690,Con mả con ma,https://www.goodreads.com/book/show/33978690-con-m-con-ma,Nguyễn Nhật Ánh,4.63,"Theo lời thằng Lượm thì ngôi nhà hoang trên đồi Cắt Cỏ là nơi nhiều âm khí, cứ đến tối thứ bảy hàng tuần là lũ ma lại hiện lên đốt đèn bày tiệc. Bọn trẻ trong làng sợ ""ngôi nhà ma"" đến mức không đứa nào dám thả trâu bò ăn sát chân đồi. Vậy mà một hôm tức khí, Quý ròm một mình xồng xộc tiến lên đồi..."
33668146,Thám tử nghiệp dư,https://www.goodreads.com/book/show/33668146-th-m-t-nghi-p-d,Nguyễn Nhật Ánh,4.67,"Quý ròm và Tiểu Long và nhỏ Hạnh được gia đình cho đi nghỉ mát ở Vũng Tàu một tuần. Ngay buổi sáng dầu tiên, ba người bạn nhỏ của chúng ta đã hoảng vía khi phát hiện trên vách chùa Phật nằm những câu thơ kỳ bí đầy hăm dọa. Ai đã viết ra những câu thơ đó? Với mục đích gì? Bằng những suy luận thông minh, các bạn nhỏ dần dần lần ra dấu vết."
33246946,Kính Vạn Hoa #2,https://www.goodreads.com/book/show/33246946-k-nh-v-n-hoa-2,Nguyễn Nhật Ánh,4.53,"Tập 2:- Ông thầy khó tính.- Xin lỗi mày, Tai To.- Người bạn lạ lùng."
33246988,Kính Vạn Hoa #4,https://www.goodreads.com/book/show/33246988-k-nh-v-n-hoa-4,Nguyễn Nhật Ánh,4.57,Tập 4:- Cô giáo Trinh.- Theo dấu chim ưng.- Tiền chuộc.
13583419,Bạn Gái,https://www.goodreads.com/book/show/13583419-b-n-g-i,Nguyễn Nhật Ánh,3.56,
43526428,Tập thơ Nguyễn Nhật Ánh,https://www.goodreads.com/book/show/43526428-t-p-th-nguy-n-nh-t-nh,Nguyễn Nhật Ánh,4.5,
33246665,Kính Vạn Hoa #1,https://www.goodreads.com/book/show/33246665-k-nh-v-n-hoa-1,Nguyễn Nhật Ánh,4.5,"Ra mắt tập đầu tiên từ cuối năm 1995, cho đến nay, Kính Vạn Hoa vẫn giữ kỷ lục là bộ sách dài tập nhất cho thiếu nhi, với số lượng lên tới hàng triệu bản in. Đây là lần tái bản thứ 15 của bộ sách.Ấn bản mới gồm 18 tập với minh họa của họa sĩ Đỗ Hoàng Tường - bạn tri âm tri kỷ, người đồng hành với các tác phẩm của nhà văn Nguyễn Nhật Ánh suốt hơn ba thập kỷ qua. Những minh "
33249651,Kính Vạn Hoa #13,https://www.goodreads.com/book/show/33249651-k-nh-v-n-hoa-13,Nguyễn Nhật Ánh,4.67,Tập 13:- Lớp phó trật tự.- Mẹ vắng nhà.- Đoàn kịch tỉnh lẻ.
23161923,Bên Ngoài Cửa Lớp,https://www.goodreads.com/book/show/23161923-b-n-ngo-i-c-a-l-p,Nguyễn Nhật Ánh,4.23,"Thằng Cung là một thằng thù dai. Vụ thi hoạt cảnh năm ngoái đã qua lâu rồi nhưng nó vẫn nhớ mãi mối hận khom lưng làm voi cho con nhỏ KIm Em chễm chệ. Sau vụ đó, nó cứ khục khặc với Kim Em suốt. Nhưng đến cái ngày tụi con trai bên lớp 9A3 bắt đầu để ý đến đám con gái lớp 9A4 và một đứa bạo gan chuyển giấy cho nhỏ Kim Em thì Cung hoàn toàn thay đổi..."
33248971,Kính Vạn Hoa #11,https://www.goodreads.com/book/show/33248971-k-nh-v-n-hoa-11,Nguyễn Nhật Ánh,4.58,
33246958,Kính Vạn Hoa #3,https://www.goodreads.com/book/show/33246958-k-nh-v-n-hoa-3,Nguyễn Nhật Ánh,4.58,Tập 3:- Bí mật kẻ trộm.- Bắt đền hoa sứ.- Con mả con ma.
33250372,Kính Vạn Hoa #14,https://www.goodreads.com/book/show/33250372-k-nh-v-n-hoa-14,Nguyễn Nhật Ánh,4.73,Tập 14:- Lang thang trong rừng.- Kho báu dưới hồ.- Gia sư.
33978700,Cô giáo Trinh,https://www.goodreads.com/book/show/33978700-c-gi-o-trinh,Nguyễn Nhật Ánh,4.55,"Vừa về lại thành phố, ngay ngày đầu tiên đến lớp, Tiểu Long và Quý ròm đã nghe nhỏ Hạnh thông báo một tin động trời: toàn bộ giáo án của cô Trinh dạy Văn - giáo viên chủ nhiệm lớp 8A4 - không cánh mà bay. Điều kì lạ là ngoài sổ sách ra, kẻ trộm bí mật đã không lấy đi một vật dụng đáng giá nào."
36549951,Bí Mật Của Tóc Tiên,https://www.goodreads.com/book/show/36549951-b-m-t-c-a-t-c-ti-n,Nguyễn Nhật Ánh,3.85,
33988019,Tiền chuộc,https://www.goodreads.com/book/show/33988019-ti-n-chu-c,Nguyễn Nhật Ánh,4.55,"Sau cuộc đụng độ với băng Dũng cò, trưa hôm sau bọn Quý ròm kín đáo quay trở lại góc đường hôm trước. Tụi Bò Lục hẹn chúng ra trường Họa Mi để chuộc sổ liên lạc. Nhưng chờ mãi vẫn không thấy bọn Bò Lục đâu..."
33987981,Theo dấu chim ưng,https://www.goodreads.com/book/show/33987981-theo-d-u-chim-ng,Nguyễn Nhật Ánh,4.45,"Ở Vũng Tàu về thành phố, thằng Mạnh được quý Ròm dẫn đến thăm nhỏ Hạnh. Nhìn thấy tụi thằng Tùng, Đạt, Nghị ai cũng có một chiếc cặp in hình chim ưng, Mạnh mê tít. Hôm sau nó kêu Quý ròm đẫn đi khắp thành phố lùng mua, nhưng chẳng ở đâu có. Chuyện không có gì, nhưng có ""máu hình sự"", Mạnh sinh nghi..."
33249584,Kính Vạn Hoa #12,https://www.goodreads.com/book/show/33249584-k-nh-v-n-hoa-12,Nguyễn Nhật Ánh,4.8,Tập 12:- Cháu của bà.- Trúng số độc đắc.- Mười lăm ngọn nến.
34030524,Khu vườn trên mái nhà,https://www.goodreads.com/book/show/34030524-khu-v-n-tr-n-m-i-nh,Nguyễn Nhật Ánh,4.36,"Ba mẹ nhỏ Hạnh trồng một vườn cây nhỏ. Ngoài các chậu hoa, khu vườn còn trồng cả tre, ổi. Hạnh và Tùng thích lắm. Nhưng khổ nỗi, mẹ con cô Bốn Loan ở căn hộ bên dưới lại tỏ ra rất ác cảm."
34088718,Thủ môn bị từ chối,https://www.goodreads.com/book/show/34088718-th-m-n-b-t-ch-i,Nguyễn Nhật Ánh,4.27,"Đội tuyển bóng đá của lớp Quý ròm và Tiểu Long lọt vào chung kết. Nhưng thủ môn giỏi của đội lại bất ngờ bị ""tẩy chay"" chỉ vì bị... ghẻ. Giờ phải làm sao đây?"
30255868,Kính Vạn Hoa,https://www.goodreads.com/book/show/30255868-k-nh-v-n-hoa,Nguyễn Nhật Ánh,4.6,
33247039,Kính Vạn Hoa #6,https://www.goodreads.com/book/show/33247039-k-nh-v-n-hoa-6,Nguyễn Nhật Ánh,4.5,Tập 6:- Ba lô màu xanh.- Lọ thuốc tàng hình.- Cuộc so tài vất vả.
33247003,Kính Vạn Hoa #5,https://www.goodreads.com/book/show/33247003-k-nh-v-n-hoa-5,Nguyễn Nhật Ánh,4.5,Tập 5:- Khu vườn trên mái nhà.- Thủ môn bị từ chối.- Thi sĩ hạng ruồi.
34088724,Thi sĩ hạng ruồi,https://www.goodreads.com/book/show/34088724-thi-s-h-ng-ru-i,Nguyễn Nhật Ánh,4.4,"Quý ròm vốn học giởi toán chứ không giỏi ván chương, thế mà vì tự ái, cậu đã bí mật làm thơ và gửi cho báo Khăn Quàng Đỏ. Không ngờ chuyện đó làm cậu nhiều phen dở khóc dở cười."
33248663,Kính Vạn Hoa #9,https://www.goodreads.com/book/show/33248663-k-nh-v-n-hoa-9,Nguyễn Nhật Ánh,4.67,Tập 9:- Hiệp sĩ ngủ ngày.- Tiết mục bất ngờ.- Phù thủy.
30255856,Cú nhảy kinh hoàng,https://www.goodreads.com/book/show/30255856-c-nh-y-kinh-ho-ng,Nguyễn Nhật Ánh,4.88,"Anh trai của Tiểu Long vì thương mẹ vất vả nên đẫ bí mật nhận lời làm diễn viên đóng thế, thực hiện những hành động mạo hiểm. Ba bạn đã tìm rất nhiều cách mới phát hiện được điều đó để ngăn anh."
33247055,Kính Vạn Hoa #7,https://www.goodreads.com/book/show/33247055-k-nh-v-n-hoa-7,Nguyễn Nhật Ánh,4.75,Tập 7:- Cú nhảy kinh hoàng.- Anh và em.- Tướng quân.
34118447,Anh và em,https://www.goodreads.com/book/show/34118447-anh-v-em,Nguyễn Nhật Ánh,4.75,"Ngày thường Quý ròm vốn rất hay quát nạt em gái. Dột nhiên một ngày nhỏ Diệp ốm, Quý ròm thấy một tình yêu thương trỗi dậy. Cậu làm mọi cách để chiều em gái, nhưng xấu hổ, không dám công khai điều đó."
33251574,Kính Vạn Hoa #17,https://www.goodreads.com/book/show/33251574-k-nh-v-n-hoa-17,Nguyễn Nhật Ánh,4.63,Tập 17:- Bạn gái.- Cửa hàng bánh kẹo.- Một ngày kì lạ.
33248523,Kính Vạn Hoa #8,https://www.goodreads.com/book/show/33248523-k-nh-v-n-hoa-8,Nguyễn Nhật Ánh,4.5,Tập 8:- Tấm huy chương vàng.- Cỗ xe ngựa kỳ bí.- Giải thưởng lớn.
34106947,Lọ thuốc tàng hình,https://www.goodreads.com/book/show/34106947-l-thu-c-t-ng-h-nh,Nguyễn Nhật Ánh,4.38,"Quý ròm chế ra một loại thuốc tàng hình. Tình cờ biết được bí mật đó, Tùng nốc hết cả lọ để che giấu bí mật của mình."
33251128,Kính Vạn Hoa #16,https://www.goodreads.com/book/show/33251128-k-nh-v-n-hoa-16,Nguyễn Nhật Ánh,4.71,Tập 16:- Người giúp việc khác thường.- Ngủ quên trên đồi.- Kẻ thần bí.
33248870,Kính Vạn Hoa #10,https://www.goodreads.com/book/show/33248870-k-nh-v-n-hoa-10,Nguyễn Nhật Ánh,4.71,Tập 10:- Mùa hè bận rộn.- Hoa tỉ muội.- Quán kem.
33250573,Kính Vạn Hoa #15,https://www.goodreads.com/book/show/33250573-k-nh-v-n-hoa-15,Nguyễn Nhật Ánh,4.71,Tập 15:- Khách sạn hoa hồng.- Quà tặng ba lần.- Kính vạn hoa.
40220166,Hoa Tỉ Muội,https://www.goodreads.com/book/show/40220166-hoa-t-mu-i,Nguyễn Nhật Ánh,4.43,
33251873,Kính Vạn Hoa #18,https://www.goodreads.com/book/show/33251873-k-nh-v-n-hoa-18,Nguyễn Nhật Ánh,4.67,Tập 18:- Tóc ngắn tóc dài.- Má lúm đồng tiền.- Cà phê áo tím.
34117494,Cuộc so tài vất vả,https://www.goodreads.com/book/show/34117494-cu-c-so-t-i-v-t-v,Nguyễn Nhật Ánh,4.5,"Bộ ba Quý ròm, Tiểu Long, nhỏ Hạnh vốn xưa nay chưa từng chịu thua trước bất cứ cuộc thi tài nào, thế mà trong cuộc dấu với đám trẻ xa lạ ở Vũng Tàu, bọn Quý ròm đã phải đi từ bất ngờ này sang bất ngờ khác."
44072279,Tấm huy chương vàng,https://www.goodreads.com/book/show/44072279-t-m-huy-ch-ng-v-ng,Nguyễn Nhật Ánh,4.5,
43245216,Có Hai Con Mèo Ngồi Kế Bên Cửa Sổ,https://www.goodreads.com/book/show/43245216-c-hai-con-m-o-ng-i-k-b-n-c-a-s,Nguyễn Nhật Ánh,4.33,
36237769,Kính vạn hoa #46 - Người giúp việc kỳ lạ,https://www.goodreads.com/book/show/36237769-k-nh-v-n-hoa-46---ng-i-gi-p-vi-c-k-l,Nguyễn Nhật Ánh,4.17,Kính Vạn Hoa (Bộ Mỏng 46) - Tập 46 - Người Giúp Việc Khác Thường: Nguyễn Nhật Ánh là một nhà văn rất thân thuộc với các độc giả trẻ. Anh là một hiện tượng trong văn học Vịệt Nam.Nguyễn Nhật Ánh chủ yếu viết truyện cho thiếu nhi. Những tác phẩm của anh luôn trở thành một trong những cuốn sách bán chạy nhất tại các hội chợ sách hàng năm.Bộ sách Kính vạn hoa của anh đã được v
30255869,Kính Vạn Hoa,https://www.goodreads.com/book/show/30255869-k-nh-v-n-hoa,Nguyễn Nhật Ánh,4.8,
52606814,Gia sư,https://www.goodreads.com/book/show/52606814-gia-s,Nguyễn Nhật Ánh,4.6,
36237759,Kính vạn hoa #45 - Kính vạn hoa,https://www.goodreads.com/book/show/36237759-k-nh-v-n-hoa-45---k-nh-v-n-hoa,Nguyễn Nhật Ánh,4.4,Kính Vạn Hoa (Bộ Mỏng -2012) - Tập 45 - Kính Vạn Hoa: Nguyễn Nhật Ánh là một nhà văn rất thân thuộc với các độc giả trẻ. Anh là một hiện tượng trong văn học Vịệt Nam.Nguyễn Nhật Ánh chủ yếu viết truyện cho thiếu nhi. Những tác phẩm của anh luôn trở thành một trong những cuốn sách bán chạy nhất tại các hội chợ sách hàng năm.Bộ sách Kính vạn hoa của anh đã được viết trong su
51881616,Lớp phó trật tự,https://www.goodreads.com/book/show/51881616-l-p-ph-tr-t-t,Nguyễn Nhật Ánh,4.4,
36237776,Kính vạn hoa #48 - Kẻ thần bí,https://www.goodreads.com/book/show/36237776-k-nh-v-n-hoa-48---k-th-n-b,Nguyễn Nhật Ánh,4.4,Kính Vạn Hoa ( Bộ Mỏng - 2012) -Tập 48 - Kẻ Thần Bí: Nguyễn Nhật Ánh là một nhà văn rất thân thuộc với các độc giả trẻ. Anh là một hiện tượng trong văn học Vịệt Nam.Nguyễn Nhật Ánh chủ yếu viết truyện cho thiếu nhi. Những tác phẩm của anh luôn trở thành một trong những cuốn sách bán chạy nhất tại các hội chợ sách hàng năm.Bộ sách Kính vạn hoa của anh đã được viết trong suố
51193323,Ngủ Quên Trên Đồi,https://www.goodreads.com/book/show/51193323-ng-qu-n-tr-n-i,Nguyễn Nhật Ánh,3.8,"Sau khi giúp đỡ Thời và nhỏ Gái, Quý ròm còn nhận gia sư cho nhỏ Hường - em của Hiện. Quý ròm rất mến nhỏ Hường do đó bị thằng Mận thường xuyên phục kích bắn vào chân. Bị phát hiện, Mận không dám giở trò với Quý nữa. Không may làng quê bị lụt, nhà của nhỏ Hường cũng bị ngập nước phải lên trú ở trên đồi. Quý ròm, Tiểu Long cùng anh em nhà Lượm đã đi bè giúp đỡ những người d"
52804804,Lang thang trong rừng,https://www.goodreads.com/book/show/52804804-lang-thang-trong-r-ng,Nguyễn Nhật Ánh,4.5,
51946406,Mười lăm ngọn nến,https://www.goodreads.com/book/show/51946406-m-i-l-m-ng-n-n-n,Nguyễn Nhật Ánh,4.5,
52529111,Hiệp sĩ ngủ ngày,https://www.goodreads.com/book/show/52529111-hi-p-s-ng-ng-y,Nguyễn Nhật Ánh,4.5,
52450859,Quán kem,https://www.goodreads.com/book/show/52450859-qu-n-kem,Nguyễn Nhật Ánh,4.25,
44072299,Cỗ xe ngựa kỳ bí,https://www.goodreads.com/book/show/44072299-c-xe-ng-a-k-b,Nguyễn Nhật Ánh,4.25,
34862424,Anh Bồ Câu - Trò Chuyện Với Tình Yêu - Tập 5,https://www.goodreads.com/book/show/34862424-anh-b-c-u---tr-chuy-n-v-i-t-nh-y-u---t-p-5,Nguyễn Nhật Ánh,5.0,
34862418,Anh Bồ Câu - Trò Chuyện Với Tình Yêu - Tập 3,https://www.goodreads.com/book/show/34862418-anh-b-c-u---tr-chuy-n-v-i-t-nh-y-u---t-p-3,Nguyễn Nhật Ánh,5.0,
34862406,Anh Bồ Câu - Trò Chuyện Với Tình Yêu - Tập 1,https://www.goodreads.com/book/show/34862406-anh-b-c-u---tr-chuy-n-v-i-t-nh-y-u---t-p-1,Nguyễn Nhật Ánh,5.0,
30056764,Người Trông Đồng,https://www.goodreads.com/book/show/30056764-ng-i-tr-ng-ng,Nguyễn Nhật Ánh,4.0,"Cuốn sách nhỏ được xuất bản như một món quà dành tặng người thân và bằng hữu. Thế nhưng những gì hai truyện ngắn Người trông đồng và Tháng Mười mang đến lại thực sự không nhỏ. Trên nền cốt truyện dường như không có gì mới, một văn phong mượt mà tuôn chảy tựa như những áng văn cổ điển, đẹp một cách mẫu mực. Người trông đồng, một câu chuyện không có cốt chuyện, miên man như "
52804770,Đoàn kịch tỉnh lẻ,https://www.goodreads.com/book/show/52804770-o-n-k-ch-t-nh-l,Nguyễn Nhật Ánh,4.0,
30652844,Mùa Hè Bận Rộn,https://www.goodreads.com/book/show/30652844-m-a-h-b-n-r-n,Nguyễn Nhật Ánh,4.0,
36237750,Kính vạn hoa #43 - Khách sạn hoa hồng,https://www.goodreads.com/book/show/36237750-k-nh-v-n-hoa-43---kh-ch-s-n-hoa-h-ng,Nguyễn Nhật Ánh,3.75,Kính Vạn Hoa (Bộ Mỏng - 2012 ) - Tập 43 -Khách Sạn Hoa Hồng: Nguyễn Nhật Ánh là một nhà văn rất thân thuộc với các độc giả trẻ. Anh là một hiện tượng trong văn học Vịệt Nam.Nguyễn Nhật Ánh chủ yếu viết truyện cho thiếu nhi. Những tác phẩm của anh luôn trở thành một trong những cuốn sách bán chạy nhất tại các hội chợ sách hàng năm.Bộ sách Kính vạn hoa của anh đã được viết t
52606662,Kính vạn hoa,https://www.goodreads.com/book/show/52606662-k-nh-v-n-hoa,Nguyễn Nhật Ánh,4.67,
51257368,Cửa hàng bánh kẹo,https://www.goodreads.com/book/show/51257368-c-a-h-ng-b-nh-k-o,Nguyễn Nhật Ánh,4.33,"Sau khi giúp đỡ Thời và nhỏ Gái, Quý ròm còn nhận gia sư cho nhỏ Hường - em của Hiện. Quý ròm rất mến nhỏ Hường do đó bị thằng Mận thường xuyên phục kích bắn vào chân. Bị phát hiện, Mận không dám giở trò với Quý nữa. Không may làng quê bị lụt, nhà của nhỏ Hường cũng bị ngập nước phải lên trú ở trên đồi. Quý ròm, Tiểu Long cùng anh em nhà Lượm đã đi bè giúp đỡ những người d"
40011286,Kính Vạn Hoa (Kính Vạn Hoa,https://www.goodreads.com/book/show/40011286-k-nh-v-n-hoa-k-nh-v-n-hoa,Nguyễn Nhật Ánh,4.33,
36237781,Kính vạn hoa #51 - Một ngày kỳ lạ,https://www.goodreads.com/book/show/36237781-k-nh-v-n-hoa-51---m-t-ng-y-k-l,Nguyễn Nhật Ánh,4.0,Kính Vạn Hoa ( Bộ Mỏng- 2012) - Tập 51 - Một Ngày Kỳ Lạ: Nguyễn Nhật Ánh là một nhà văn rất thân thuộc với các độc giả trẻ. Anh là một hiện tượng trong văn học Vịệt Nam.Nguyễn Nhật Ánh chủ yếu viết truyện cho thiếu nhi. Những tác phẩm của anh luôn trở thành một trong những cuốn sách bán chạy nhất tại các hội chợ sách hàng năm.Bộ sách Kính vạn hoa của anh đã được viết trong
34862422,Anh Bồ Câu - Trò Chuyện Với Tình Yêu - Tập 4,https://www.goodreads.com/book/show/34862422-anh-b-c-u---tr-chuy-n-v-i-t-nh-y-u---t-p-4,Nguyễn Nhật Ánh,5.0,
51831208,Tiết mục bất ngờ,https://www.goodreads.com/book/show/51831208-ti-t-m-c-b-t-ng,Nguyễn Nhật Ánh,5.0,
40011279,Kính Vạn Hoa (Kính Vạn Hoa,https://www.goodreads.com/book/show/40011279-k-nh-v-n-hoa-k-nh-v-n-hoa,Nguyễn Nhật Ánh,4.5,"Văn Châu như không tin vào mắt mình. Tay run run cầm tờ vé số, nó đờ đẫn dán chặt mắt vào tấm bảng ghi kết quả sổ xố đặt trước cửa hiệu đại lý vé số. Nó nhìn chăm chăm như thế một hồi như để ghim chặt các con số vào trí nhớ rồi lại nhìn xuống tờ vé số trên tay. Đúng là nó không lầm. Cả hai dãy số đều khớp nhau hoàn toàn: 18557. Đó là dãy số trúng giải đặc biệt, cũng là dãy"
52450807,Quà tặng ba lần,https://www.goodreads.com/book/show/52450807-qu-t-ng-ba-l-n,Nguyễn Nhật Ánh,4.5,
40011296,Kính Vạn Hoa (Kính Vạn Hoa,https://www.goodreads.com/book/show/40011296-k-nh-v-n-hoa-k-nh-v-n-hoa,Nguyễn Nhật Ánh,4.5,"Tủ sách 'Kính Vạn Hoa' của Nguyễn Nhật Ánh là một người bạn rất quen thuộc với độc giả, nhất là các em ở tuổi học trò - tuổi mới lớn.Trong Tập 6 của tủ sách này sẽ giới thiệu những câu chuyện như:Người giúp việc khác thường Ngủ quên trên đồi Kẻ thần bí Bạn gái Cửa hàng bánh kẹo Một ngày kì lạ Tóc ngắn tóc dài Má lúm đồng tiền Cà phê áo tím Phụ lục: Kính vạn hoa trở lại"
36237779,Kính vạn hoa #49 - Bạn gái,https://www.goodreads.com/book/show/36237779-k-nh-v-n-hoa-49---b-n-g-i,Nguyễn Nhật Ánh,4.5,Kính Vạn Hoa (Bộ Mỏng - 2012) - Tập 49 - Bạn Gái: Nguyễn Nhật Ánh là một nhà văn rất thân thuộc với các độc giả trẻ. Anh là một hiện tượng trong văn học Vịệt Nam.Nguyễn Nhật Ánh chủ yếu viết truyện cho thiếu nhi. Những tác phẩm của anh luôn trở thành một trong những cuốn sách bán chạy nhất tại các hội chợ sách hàng năm.Bộ sách Kính vạn hoa của anh đã được viết trong suốt 1
40011259,Kính Vạn Hoa (Kính Vạn Hoa,https://www.goodreads.com/book/show/40011259-k-nh-v-n-hoa-k-nh-v-n-hoa,Nguyễn Nhật Ánh,4.0,"“Kính vạn hoa là bộ sách liên hoàn, mỗi tập một màu sắc óng ánh, phản ánh cuộc sống linh hoạt của các em, một cuộc sống bình thường nhưng chứa bao điều mới mẻ trong các mối quan hệ giữa con cái với bố mẹ, trò đối với thầy, và trong thế giới “nhất quỷ nhì ma thứ ba học trò”. Mỗi truyện trong bộ Kính vạn hoa đều hướng tới việc mở rộng sự hiểu biết của các em đối với thế giới"
40011248,Kính Vạn Hoa (Kính Vạn Hoa,https://www.goodreads.com/book/show/40011248-k-nh-v-n-hoa-k-nh-v-n-hoa,Nguyễn Nhật Ánh,4.0,"“Tôi nghĩ rằng giáo dục có nhiều dạng. Bây giờ giáo dục các em mà áp đặt một cách cứng nhắc, khiên cưỡng thì có khi lại không vào các em được. Phải giáo dục thế nào đó làm cho các em yêu cuộc sống, yêu bạn bè, thương yêu gia đình nhưng lại rất giản dị, tức là người được giáo dục không có cảm giác mình bị giáo dục. Đấy mới là giáo dục đúng nhất và siêu nhất, và chỉ có cách "
40011239,Kính Vạn Hoa (Kính Vạn Hoa,https://www.goodreads.com/book/show/40011239-k-nh-v-n-hoa-k-nh-v-n-hoa,Nguyễn Nhật Ánh,4.0,"“Đọc Kính vạn hoa, tôi cảm thấy Nguyễn Nhật Ánh đã dày công phản ánh những sinh hoạt muôn mặt của lứa tuổi học trò. Từ cách học với các thủ thuật “phổ thơ” để ghi nhớ thuộc lòng các công thức Toán, Lý, Hóa, Anh văn… đến lối làm thơ, kể vè, dựng hoạt cảnh để học tập các môn Văn, Sử. Từ trò chơi bóng đá, thi giải câu đố… ở sân trường đến những chuyến đi nghỉ hè khám phá các "
51602361,Thằng thỏ đế,https://www.goodreads.com/book/show/51602361-th-ng-th,Nguyễn Nhật Ánh,4.0,
52804751,Kho báu dưới hồ,https://www.goodreads.com/book/show/52804751-kho-b-u-d-i-h,Nguyễn Nhật Ánh,4.0,
34862413,Anh Bồ Câu - Trò Chuyện Với Tình Yêu - Tập 2,https://www.goodreads.com/book/show/34862413-anh-b-c-u---tr-chuy-n-v-i-t-nh-y-u---t-p-2,Nguyễn Nhật Ánh,5.0,
54620839,I See Yellow Flowers in the Green Grass,https://www.goodreads.com/book/show/54620839-i-see-yellow-flowers-in-the-green-grass,Nguyễn Nhật Ánh,0.0,
53206470,Thơ tình,https://www.goodreads.com/book/show/53206470-th-t-nh,Nguyễn Nhật Ánh,0.0,
53206453,Tứ tuyệt cho nàng,https://www.goodreads.com/book/show/53206453-t-tuy-t-cho-n-ng,Nguyễn Nhật Ánh,0.0,
53206485,Lễ hội của đêm đen,https://www.goodreads.com/book/show/53206485-l-h-i-c-a-m-en,Nguyễn Nhật Ánh,0.0,
53642005,Trò chơi lãng mạn của tình yêu,https://www.goodreads.com/book/show/53642005-tr-ch-i-l-ng-m-n-c-a-t-nh-y-u,Nguyễn Nhật Ánh,0.0,
53206504,Bí mật của một võ sĩ,https://www.goodreads.com/book/show/53206504-b-m-t-c-a-m-t-v-s,Nguyễn Nhật Ánh,0.0,
28961747,Thăm thẳm bóng người,https://www.goodreads.com/book/show/28961747-th-m-th-m-b-ng-ng-i,Nguyễn Nhật Ánh,0.0,
53206479,Đầu xuân ra sông giặt áo,https://www.goodreads.com/book/show/53206479-u-xu-n-ra-s-ng-gi-t-o,Nguyễn Nhật Ánh,0.0,
53206511,Cú phạt đền,https://www.goodreads.com/book/show/53206511-c-ph-t-n,Nguyễn Nhật Ánh,0.0,
53206495,Thành phố tháng tư,https://www.goodreads.com/book/show/53206495-th-nh-ph-th-ng-t,Lê Thị Kim,0.0,
